assigned_warehouse_id,assigned_warehouse_name,served,avg_km_served_wt,median_km_served_wt,p95_km_served_wt
EW_1,Stockholm Hub,44218.9999996,25.289586817889866,25.87825141489673,27.392991583226102
EW_2,Eskilstuna FC,5780.99999956,77.45984633338783,77.75071768546846,79.06906932903156
