assigned_warehouse_id,assigned_warehouse_name,served,avg_km_served_wt,median_km_served_wt,p95_km_served_wt
EW_1,Stockholm Hub,16177.0,25.189569028048467,25.383239957467595,28.26278473348986
NW_3,Sollentuna FC,16166.0,16.37170279155691,16.61420504509954,18.4913174207488
NW_1,Barkarby Hub,16015.0,14.090100621318552,14.780795486927884,16.785164361793502
EW_2,Eskilstuna FC,1642.0,70.31564167114672,70.26308242029306,72.78697587968342
