assigned_warehouse_id,assigned_warehouse_name,demand,avg_km,median_km,p95_km
NW_1,Barkarby Hub,27396.0,13.183076890964884,13.943064443138924,15.155137319532736
NW_6,Tyresö Depot,22604.0,14.005065963545887,14.124775487204504,15.136436168246489
