assigned_warehouse_id,assigned_warehouse_name,demand,avg_km,median_km,p95_km
NW_1,Barkarby Hub,32190.0,14.12196278511328,14.46514295641468,16.785164361793502
NW_3,Sollentuna FC,17810.0,16.174117181717197,16.55611701958812,18.38434298422684
