assigned_warehouse_id,assigned_warehouse_name,served,avg_km_served_wt,median_km_served_wt,p95_km_served_wt
NW_1,Barkarby Hub,48068.947368,14.536315372737059,14.95555292283767,16.86402104426235
EW_1,Stockholm Hub,1927.0,22.972647654193885,22.33881104237976,26.314764217851696
