total_demand,total_expected_late,overall_late_rate
50000,1975.3300000000017,0.03950660000000004
